Name,Tagline,Description,Logo URL,Category,Subcategories,Pricing,Price Range,Starting Price,Rating,Affiliate Link,Website,Featured,Pros,Cons,Best For,Integrations,Content
HubSpot,"Le CRM tout-en-un pour le marketing, les ventes et le service client","HubSpot est une plateforme complète qui combine CRM, marketing automation, ventes et service client. Parfait pour les entreprises qui veulent centraliser toutes leurs opérations GTM en un seul endroit.",https://images.unsplash.com/photo-1611162617474-5b21e879e113?w=400,CRM,"Email Marketing,Sales,Automation",Freemium,$$$,Gratuit (limité) - à partir de 45€/mois,4.5,https://www.hubspot.com,https://www.hubspot.com,TRUE,"- Suite complète tout-en-un
- Version gratuite très généreuse
- Interface intuitive et moderne
- Excellent pour le content marketing
- Intégrations natives nombreuses","- Peut devenir cher rapidement
- Courbe d'apprentissage pour les fonctionnalités avancées
- Certaines features locked dans les tiers supérieurs","- PME et startups en croissance
- Équipes marketing & sales alignées
- Content marketing intensif
- Inbound marketing strategy","Salesforce, Slack, Zapier, Gmail, WordPress","## Pourquoi HubSpot ?

HubSpot s'est imposé comme **LA** référence en matière de CRM et marketing automation pour les entreprises modernes. Sa philosophie ""inbound marketing"" et son approche tout-en-un en font un choix évident.

### Fonctionnalités Clés

**CRM Gratuit**
Le CRM HubSpot est 100% gratuit et illimité. Vous pouvez gérer vos contacts, deals, et pipeline de vente sans payer un centime.

**Marketing Hub**
- Email marketing avec A/B testing
- Landing pages et formulaires
- Marketing automation
- Lead scoring

**Sales Hub**
- Email tracking
- Meeting scheduler
- Pipeline management
- Sales automation

### Tarification

- **Gratuit** : CRM basique
- **Starter** : ~45€/mois
- **Professional** : ~800€/mois
- **Enterprise** : ~3200€/mois"
Notion,"L'espace de travail tout-en-un pour vos notes, docs et projets","Notion est un outil de productivité ultra-flexible qui combine notes, bases de données, wikis et gestion de projet. Parfait pour centraliser toute la connaissance de votre équipe.",https://images.unsplash.com/photo-1633356122544-f134324a6cee?w=400,Project Management,"Documentation,Collaboration",Freemium,$$,Gratuit - à partir de 8€/mois,4.7,https://www.notion.so,https://www.notion.so,TRUE,"- Extrêmement flexible et personnalisable
- Interface magnifique et intuitive
- Templates communautaires riches
- Collaboration temps réel
- Version gratuite généreuse","- Peut être lent avec beaucoup de données
- Courbe d'apprentissage pour exploiter tout le potentiel
- Pas de fonctionnalités offline robustes","- Équipes créatives et tech
- Documentation produit et wiki interne
- Gestion de projet agile
- Content planning","Slack, Google Drive, Figma, GitHub, Zapier","## Pourquoi Notion ?

Notion a révolutionné la façon dont les équipes modernes organisent leur travail. Son approche ""blocs"" ultra-flexible permet de créer exactement ce dont vous avez besoin.

### Fonctionnalités Clés

**Bases de Données**
Créez des bases de données relationnelles avec vues kanban, table, calendrier, galerie.

**Wikis & Documentation**
Centralisez toute votre connaissance d'entreprise avec une recherche puissante.

**Collaboration**
Commentaires, mentions, partage granulaire en temps réel.

### Tarification

- **Gratuit** : Illimité pour usage personnel
- **Plus** : 8€/mois
- **Business** : 15€/mois
- **Enterprise** : Sur devis"
Mailchimp,"Plateforme d'email marketing tout-en-un","Mailchimp est la référence en email marketing pour les PME. Interface simple, automatisations puissantes, et analytics détaillés pour optimiser vos campagnes.",https://images.unsplash.com/photo-1596526131083-e8c633c948d2?w=400,Email Marketing,"Automation,Analytics",Freemium,$$,Gratuit - à partir de 13€/mois,4.3,https://mailchimp.com,https://mailchimp.com,FALSE,"- Interface intuitive drag & drop
- Plan gratuit jusqu'à 500 contacts
- Templates d'emails magnifiques
- Analytics et rapports détaillés
- Intégrations e-commerce","- Prix augmente vite avec la liste
- Deliverability parfois moyenne
- Support client limité sur plan gratuit","- E-commerce et boutiques en ligne
- Newsletters et content marketing
- PME et startups
- Campagnes marketing simples","Shopify, WooCommerce, WordPress, Facebook, Instagram","## Pourquoi Mailchimp ?

Mailchimp est LE nom que tout le monde connaît en email marketing. Plus de 20 ans d'existence.

### Fonctionnalités Clés

**Email Builder**
Éditeur drag & drop avec des templates magnifiques.

**Automation**
Workflows automatisés : welcome series, abandoned cart, win-back campaigns.

**Segmentation**
Ciblez vos audiences avec précision.

### Tarification

- **Gratuit** : Jusqu'à 500 contacts
- **Essentials** : 13€/mois
- **Standard** : 20€/mois
- **Premium** : 350€/mois"
